rank,nameWithOwner,stars,language,isArchived,isFork,createdAt
1,codecrafters-io/build-your-own-x,483286,Markdown,False,False,2018-05-09T12:03:18Z
2,sindresorhus/awesome,448721,,False,False,2014-07-11T13:42:37Z
3,freeCodeCamp/freeCodeCamp,438819,TypeScript,False,False,2014-12-24T17:49:19Z
4,public-apis/public-apis,415916,Python,False,False,2016-03-20T23:49:42Z
5,EbookFoundation/free-programming-books,384559,Python,False,False,2013-10-11T06:50:37Z
6,kamranahmedse/developer-roadmap,351652,TypeScript,False,False,2017-03-15T13:45:52Z
7,donnemartin/system-design-primer,340155,Python,False,False,2017-02-26T16:15:28Z
8,jwasham/coding-interview-university,338231,,False,False,2016-06-06T02:34:12Z
9,openclaw/openclaw,335404,TypeScript,False,False,2025-11-24T10:16:47Z
10,vinta/awesome-python,288899,Python,False,False,2014-06-27T21:00:06Z
11,awesome-selfhosted/awesome-selfhosted,281978,,False,False,2015-06-01T02:33:17Z
12,996icu/996.ICU,275805,,False,False,2019-03-26T07:31:14Z
13,practical-tutorials/project-based-learning,261644,,False,False,2017-04-12T05:07:46Z
14,facebook/react,244174,JavaScript,False,False,2013-05-24T16:15:54Z
15,torvalds/linux,225005,C,False,False,2011-09-04T22:48:12Z
16,TheAlgorithms/Python,219039,Python,False,False,2016-07-16T09:44:01Z
17,trimstray/the-book-of-secret-knowledge,211586,,False,False,2018-06-23T10:43:14Z
18,vuejs/vue,209961,TypeScript,False,False,2013-07-29T03:24:51Z
19,ossu/computer-science,202720,HTML,False,False,2014-05-04T00:18:39Z
20,trekhleb/javascript-algorithms,195781,JavaScript,False,False,2018-03-24T07:47:04Z
21,tensorflow/tensorflow,194331,C++,False,False,2015-11-07T01:19:20Z
22,ohmyzsh/ohmyzsh,185616,Shell,False,False,2009-08-28T18:15:37Z
23,getify/You-Dont-Know-JS,184535,,False,False,2013-11-16T02:37:24Z
24,CyC2018/CS-Notes,184029,,False,False,2018-02-13T14:56:24Z
25,microsoft/vscode,183051,TypeScript,False,False,2015-09-03T20:23:38Z
26,Significant-Gravitas/AutoGPT,182813,Python,False,False,2023-03-16T09:21:07Z
27,n8n-io/n8n,180989,TypeScript,False,False,2019-06-22T09:24:21Z
28,jackfrued/Python-100-Days,180159,Jupyter Notebook,False,False,2018-03-01T16:05:52Z
29,flutter/flutter,175699,Dart,False,False,2015-03-06T22:54:58Z
30,twbs/bootstrap,174106,MDX,False,False,2011-07-29T21:19:00Z
31,github/gitignore,173178,,False,False,2010-11-08T20:17:14Z
32,massgravel/Microsoft-Activation-Scripts,169935,Batchfile,False,False,2020-01-12T23:03:34Z
33,avelino/awesome-go,168198,Go,False,False,2014-07-06T13:42:15Z
34,ollama/ollama,166121,Go,False,False,2023-06-26T19:39:32Z
35,AUTOMATIC1111/stable-diffusion-webui,161989,Python,False,False,2022-08-22T14:05:26Z
36,jlevy/the-art-of-command-line,160486,,False,False,2015-05-20T15:11:03Z
37,huggingface/transformers,158383,Python,False,False,2018-10-29T13:56:00Z
38,Snailclimb/JavaGuide,154464,Java,False,False,2018-05-07T13:27:00Z
39,f/prompts.chat,154190,HTML,False,False,2022-12-05T13:54:13Z
40,DigitalPlatDev/FreeDomain,154151,HTML,False,False,2024-05-30T13:23:00Z
41,yt-dlp/yt-dlp,153213,Python,False,False,2020-10-26T04:22:55Z
42,airbnb/javascript,148112,JavaScript,False,False,2012-11-01T23:13:50Z
43,521xueweihan/HelloGitHub,147391,Python,False,False,2016-05-04T06:24:11Z
44,langflow-ai/langflow,146218,Python,False,False,2023-02-08T22:28:03Z
45,ytdl-org/youtube-dl,139941,Python,False,False,2010-10-31T14:35:07Z
46,vercel/next.js,138473,JavaScript,False,False,2016-10-05T23:32:51Z
47,yangshun/tech-interview-handbook,138356,TypeScript,False,False,2016-07-05T05:00:48Z
48,Genymobile/scrcpy,137507,C,False,False,2017-11-21T18:00:27Z
49,langgenius/dify,134398,TypeScript,False,False,2023-04-12T07:40:24Z
50,x1xhlol/system-prompts-and-models-of-ai-tools,133189,,False,False,2025-03-05T16:38:29Z
51,golang/go,133156,Go,False,False,2014-08-19T04:33:40Z
52,labuladong/fucking-algorithm,133134,Markdown,False,False,2020-02-19T09:01:23Z
53,langchain-ai/langchain,131036,Python,False,False,2022-10-17T02:58:36Z
54,microsoft/PowerToys,130922,C#,False,False,2019-05-01T17:44:02Z
55,anomalyco/opencode,130096,TypeScript,False,False,2025-04-30T20:08:00Z
56,open-webui/open-webui,128625,Python,False,False,2023-10-06T22:08:27Z
57,Chalarangelo/30-seconds-of-code,127213,JavaScript,False,False,2017-11-29T17:35:03Z
58,facebook/react-native,125635,C++,False,False,2015-01-09T18:10:16Z
59,krahets/hello-algo,123886,Java,False,False,2022-11-04T11:08:34Z
60,kubernetes/kubernetes,121340,Go,False,False,2014-06-06T22:56:04Z
61,electron/electron,120620,C++,False,False,2013-04-12T01:47:36Z
62,ripienaar/free-for-dev,120316,HTML,False,False,2015-03-18T21:06:26Z
63,excalidraw/excalidraw,119533,TypeScript,False,False,2020-01-02T01:04:43Z
64,justjavac/free-programming-books-zh_CN,116506,,False,False,2013-11-04T01:59:19Z
65,nodejs/node,116420,JavaScript,False,False,2014-11-26T19:57:11Z
66,iptv-org/iptv,113839,TypeScript,False,False,2018-11-14T22:00:57Z
67,d3/d3,112610,Shell,False,False,2010-09-27T17:22:42Z
68,obra/superpowers,111949,Shell,False,False,2025-10-09T19:45:18Z
69,mrdoob/three.js,111552,JavaScript,False,False,2010-03-23T18:58:01Z
70,rust-lang/rust,111485,Rust,False,False,2010-06-16T20:39:03Z
71,shadcn-ui/ui,110691,TypeScript,False,False,2023-01-04T12:43:27Z
72,rustdesk/rustdesk,109991,Rust,False,False,2020-09-28T15:36:08Z
73,Hack-with-Github/Awesome-Hacking,109021,,False,False,2016-03-30T15:47:10Z
74,axios/axios,108648,JavaScript,False,False,2014-08-18T22:30:27Z
75,microsoft/generative-ai-for-beginners,108510,Jupyter Notebook,False,False,2023-06-19T16:28:59Z
76,godotengine/godot,108436,C++,False,False,2014-01-04T16:05:36Z
77,microsoft/TypeScript,108285,TypeScript,False,False,2014-06-17T15:28:39Z
78,GrowingGit/GitHub-Chinese-Top-Charts,107088,Java,False,False,2019-09-05T03:01:56Z
79,Comfy-Org/ComfyUI,106915,Python,False,False,2023-01-17T03:15:56Z
80,affaan-m/everything-claude-code,106618,JavaScript,False,False,2026-01-18T00:51:51Z
81,denoland/deno,106441,Rust,False,False,2018-05-15T01:34:26Z
82,fatedier/frp,105582,Go,False,False,2015-12-21T15:24:59Z
83,clash-verge-rev/clash-verge-rev,105309,TypeScript,False,False,2023-11-21T18:24:03Z
84,goldbergyoni/nodebestpractices,105182,Dockerfile,False,False,2017-09-15T08:33:19Z
85,tauri-apps/tauri,104593,Rust,False,False,2019-07-13T09:09:37Z
86,papers-we-love/papers-we-love,104459,Shell,False,False,2013-12-15T14:31:41Z
87,facebook/create-react-app,103808,JavaScript,False,False,2016-07-17T14:55:11Z
88,Shubhamsaboo/awesome-llm-apps,103515,Python,False,False,2024-04-29T05:30:25Z
89,anthropics/skills,102597,Python,False,False,2025-09-22T15:53:31Z
90,deepseek-ai/DeepSeek-V3,102375,Python,False,False,2024-12-26T09:52:40Z
91,microsoft/terminal,102359,C++,False,False,2017-08-11T18:38:22Z
92,jaywcjlove/awesome-mac,100851,JavaScript,False,False,2016-07-17T15:33:47Z
93,angular/angular,100130,TypeScript,False,False,2014-09-18T16:12:01Z
94,2dust/v2rayN,99740,C#,False,False,2019-07-30T03:47:24Z
95,supabase/supabase,99596,TypeScript,False,False,2019-10-12T05:56:49Z
96,ggml-org/llama.cpp,99271,C++,False,False,2023-03-10T18:58:00Z
97,google-gemini/gemini-cli,99036,TypeScript,False,False,2025-04-17T17:04:31Z
98,Anduin2017/HowToCook,99026,Dockerfile,False,False,2020-02-29T10:43:49Z
99,pytorch/pytorch,98561,Python,False,False,2016-08-13T05:26:41Z
100,mtdvio/every-programmer-should-know,98352,,False,False,2017-08-24T13:18:26Z
101,mui/material-ui,98031,JavaScript,False,False,2014-08-18T19:11:54Z
102,firecrawl/firecrawl,98005,TypeScript,False,False,2024-04-15T21:02:29Z
103,ant-design/ant-design,97765,TypeScript,False,False,2015-04-24T15:37:24Z
104,neovim/neovim,97454,Vim Script,False,False,2014-01-31T13:39:22Z
105,openai/whisper,96581,Python,False,False,2022-09-16T20:02:54Z
106,fastapi/fastapi,96550,Python,False,False,2018-12-08T08:21:47Z
107,nvbn/thefuck,95749,Python,False,False,2015-04-08T15:08:04Z
108,immich-app/immich,95657,TypeScript,False,False,2022-02-03T15:56:27Z
109,microsoft/Web-Dev-For-Beginners,95462,JavaScript,False,False,2020-11-10T02:44:00Z
110,ryanmcdermott/clean-code-javascript,94336,JavaScript,False,False,2016-11-25T22:25:41Z
111,tailwindlabs/tailwindcss,94182,TypeScript,False,False,2017-10-06T14:59:14Z
112,puppeteer/puppeteer,93935,TypeScript,False,False,2017-05-09T22:16:13Z
113,iluwatar/java-design-patterns,93837,Java,False,False,2014-08-09T16:45:18Z
114,nvm-sh/nvm,92523,Shell,False,False,2010-04-15T17:47:47Z
115,microsoft/markitdown,92162,Python,False,False,2024-11-13T19:56:40Z
116,deepseek-ai/DeepSeek-R1,91981,,False,False,2025-01-20T11:57:28Z
117,florinpop17/app-ideas,91494,,False,False,2019-02-25T18:36:56Z
118,PanJiaChen/vue-element-admin,90302,Vue,False,False,2017-04-17T03:35:49Z
119,storybookjs/storybook,89514,TypeScript,False,False,2016-03-18T04:23:44Z
120,rasbt/LLMs-from-scratch,89212,Jupyter Notebook,False,False,2023-07-23T18:15:57Z
121,bitcoin/bitcoin,88610,C++,False,False,2010-12-19T15:16:43Z
122,oven-sh/bun,88399,Zig,False,False,2021-04-14T00:48:17Z
123,gin-gonic/gin,88311,Go,False,False,2014-06-16T23:57:25Z
124,ChatGPTNextWeb/NextChat,87576,TypeScript,False,False,2023-03-10T18:27:54Z
125,gohugoio/hugo,87267,Go,False,False,2013-07-04T15:26:26Z
126,django/django,87114,Python,False,False,2012-04-28T02:47:18Z
127,mermaid-js/mermaid,86912,TypeScript,False,False,2014-11-01T23:52:32Z
128,opencv/opencv,86787,C++,False,False,2012-07-19T09:40:17Z
129,ruanyf/weekly,86706,,False,False,2018-10-13T12:36:07Z
130,sveltejs/svelte,86137,JavaScript,False,False,2016-11-20T18:13:05Z
131,home-assistant/core,85831,Python,False,False,2013-09-17T07:29:48Z
132,3b1b/manim,85523,Python,False,False,2015-03-22T18:50:58Z
133,microsoft/playwright,84963,TypeScript,False,False,2019-11-15T18:32:42Z
134,microsoft/ML-For-Beginners,84717,Jupyter Notebook,False,False,2021-03-03T01:34:05Z
135,louislam/uptime-kuma,84464,JavaScript,False,False,2021-07-03T01:02:42Z
136,browser-use/browser-use,84362,Python,False,False,2024-10-31T16:00:56Z
137,punkpeye/awesome-mcp-servers,84056,,False,False,2024-11-30T04:49:10Z
138,laravel/laravel,84046,Blade,False,False,2011-06-08T03:06:08Z
139,MunGell/awesome-for-beginners,83846,,False,False,2015-10-24T19:53:36Z
140,macrozheng/mall,83234,Java,False,False,2018-04-04T01:11:44Z
141,realworld-apps/realworld,83034,TypeScript,False,False,2016-02-26T20:49:53Z
142,animate-css/animate.css,82637,CSS,False,False,2011-10-12T10:07:38Z
143,anthropics/claude-code,82524,Shell,False,False,2025-02-22T17:41:21Z
144,github/spec-kit,82139,Python,False,False,2025-08-21T22:54:31Z
145,modelcontextprotocol/servers,82036,TypeScript,False,False,2024-11-19T01:10:17Z
146,astral-sh/uv,82002,Rust,False,False,2023-10-02T20:24:11Z
147,bregman-arie/devops-exercises,81760,Python,False,False,2019-10-03T17:31:21Z
148,DopplerHQ/awesome-interview-questions,81646,,True,False,2015-11-28T09:48:17Z
149,ByteByteGoHq/system-design-101,81369,,False,False,2023-09-18T20:52:03Z
150,tonsky/FiraCode,81341,Clojure,False,False,2014-11-11T19:32:38Z
151,syncthing/syncthing,81097,Go,False,False,2013-11-26T09:48:21Z
152,hacksider/Deep-Live-Cam,80323,Python,False,False,2023-09-24T13:19:31Z
153,spring-projects/spring-boot,80306,Java,False,False,2012-10-19T15:02:57Z
154,fighting41love/funNLP,79602,Python,False,False,2018-08-21T11:20:39Z
155,vitejs/vite,79342,TypeScript,False,False,2020-04-21T05:03:57Z
156,junegunn/fzf,78963,Go,False,False,2013-10-23T16:04:23Z
157,doocs/advanced-java,78920,Java,False,False,2018-10-06T11:38:30Z
158,anuraghazra/github-readme-stats,78865,JavaScript,False,False,2020-07-09T10:34:22Z
159,hoppscotch/hoppscotch,78606,TypeScript,False,False,2019-08-21T13:15:24Z
160,netdata/netdata,78202,C,False,False,2013-06-17T18:39:10Z
161,zed-industries/zed,77867,Rust,False,False,2021-02-20T03:01:06Z
162,tensorflow/models,77690,Python,False,False,2016-02-05T01:15:20Z
163,Developer-Y/cs-video-courses,77455,,False,False,2016-10-21T17:02:11Z
164,mlabonne/llm-course,77334,,False,False,2023-06-17T22:16:25Z
165,nomic-ai/gpt4all,77241,C++,False,False,2023-03-27T18:49:32Z
166,localsend/localsend,77110,Dart,False,False,2022-12-16T00:46:07Z
167,coder/code-server,76827,TypeScript,False,False,2019-02-27T16:50:41Z
168,MisterBooo/LeetCodeAnimation,76700,Java,False,False,2018-12-06T08:01:22Z
169,d2l-ai/d2l-zh,76504,Python,False,False,2017-08-23T04:40:24Z
170,FortAwesome/Font-Awesome,76453,JavaScript,False,False,2012-02-17T14:19:43Z
171,elastic/elasticsearch,76395,Java,False,False,2010-02-08T13:20:56Z
172,swisskyrepo/PayloadsAllTheThings,76338,Python,False,False,2016-10-18T07:29:07Z
173,infiniflow/ragflow,76100,Python,False,False,2023-12-12T06:13:13Z
174,sdmg15/Best-websites-a-programmer-should-visit,75900,,True,False,2017-03-05T20:25:17Z
175,Stirling-Tools/Stirling-PDF,75770,TypeScript,False,False,2023-01-27T18:22:42Z
176,typicode/json-server,75676,JavaScript,False,False,2013-11-27T13:21:13Z
177,ventoy/Ventoy,75270,C,False,False,2020-03-10T15:19:19Z
178,jesseduffield/lazygit,75015,Go,False,False,2018-05-19T00:53:06Z
179,nestjs/nest,74986,TypeScript,False,False,2017-02-04T20:12:52Z
180,lobehub/lobehub,74294,TypeScript,False,False,2023-05-21T07:19:12Z
181,vllm-project/vllm,74281,Python,False,False,2023-02-09T11:23:20Z
182,unionlabs/union,74198,Rust,False,False,2023-05-16T22:33:39Z
183,sherlock-project/sherlock,74065,Python,False,False,2018-12-24T14:30:48Z
184,vuejs/awesome-vue,73620,,False,False,2015-10-20T00:16:14Z
185,awesomedata/awesome-public-datasets,73559,,False,False,2014-11-20T06:20:50Z
186,redis/redis,73543,C,False,False,2009-03-21T22:32:25Z
187,tesseract-ocr/tesseract,73108,C++,False,False,2014-08-12T18:04:59Z
188,PaddlePaddle/PaddleOCR,73042,Python,False,False,2020-05-08T10:38:16Z
189,twitter/the-algorithm,72923,Scala,False,False,2023-03-27T14:57:57Z
190,grafana/grafana,72797,TypeScript,False,False,2013-12-11T15:59:56Z
191,CompVis/stable-diffusion,72763,Jupyter Notebook,False,False,2022-08-10T14:36:44Z
192,enaqx/awesome-react,72515,,False,False,2014-08-06T05:31:44Z
193,thedaviddias/Front-End-Checklist,72396,,False,False,2017-10-16T10:12:36Z
194,openai/openai-cookbook,72344,Jupyter Notebook,False,False,2022-03-11T02:08:53Z
195,dair-ai/Prompt-Engineering-Guide,72241,MDX,False,False,2022-12-16T16:04:50Z
196,ocornut/imgui,72177,C++,False,False,2014-07-21T14:29:47Z
197,python/cpython,72100,Python,False,False,2017-02-10T19:23:51Z
198,josephmisiti/awesome-machine-learning,72084,Python,False,False,2014-07-15T19:11:19Z
199,abi/screenshot-to-code,72056,TypeScript,False,False,2023-11-14T17:53:32Z
200,PKUFlyingPig/cs-self-learning,72007,HTML,False,False,2021-10-20T13:43:42Z
201,strapi/strapi,71687,TypeScript,False,False,2015-09-30T15:34:48Z
202,moby/moby,71561,Go,False,False,2013-01-18T18:10:57Z
203,pallets/flask,71380,Python,False,False,2010-04-06T11:11:59Z
204,obsproject/obs-studio,71167,C,False,False,2013-10-01T02:40:31Z
205,apache/superset,71108,TypeScript,False,False,2015-07-21T18:55:34Z
206,caddyserver/caddy,71088,Go,False,False,2015-01-13T19:45:03Z
207,protocolbuffers/protobuf,71008,C++,False,False,2014-08-26T15:52:15Z
208,hakimel/reveal.js,70853,JavaScript,False,False,2011-06-07T18:54:22Z
209,fffaraz/awesome-cpp,70441,,False,False,2014-07-17T08:51:11Z
210,daytonaio/daytona,70396,TypeScript,False,False,2024-02-06T08:21:20Z
211,binary-husky/gpt_academic,70302,Python,False,False,2023-03-20T09:05:13Z
212,swiftlang/swift,69877,Swift,False,False,2015-10-23T21:15:07Z
213,Eugeny/tabby,69800,TypeScript,False,False,2016-12-23T09:06:10Z
214,binhnguyennus/awesome-scalability,69786,,False,False,2017-12-27T03:46:40Z
215,OpenHands/OpenHands,69738,Python,False,False,2024-03-13T03:33:31Z
216,danielmiessler/SecLists,69713,PHP,False,False,2012-02-19T01:30:18Z
217,nektos/act,69514,Go,False,False,2019-01-02T19:53:43Z
218,hiyouga/LlamaFactory,69036,Python,False,False,2023-05-28T10:09:12Z
219,expressjs/express,68886,JavaScript,False,False,2009-06-26T18:56:01Z
220,AppFlowy-IO/AppFlowy,68788,Dart,False,False,2021-06-16T12:56:48Z
221,base/node,68667,Go,False,False,2023-02-01T13:55:02Z
222,ansible/ansible,68381,Python,False,False,2012-03-06T14:58:02Z
223,openai/codex,67505,Rust,False,False,2025-04-13T05:37:54Z
224,chartjs/Chart.js,67305,JavaScript,False,False,2013-03-17T23:56:36Z
225,prakhar1989/awesome-courses,67244,,False,False,2014-11-15T18:36:49Z
226,juliangarnier/anime,66939,JavaScript,False,False,2016-03-13T21:37:45Z
227,toeverything/AFFiNE,66574,TypeScript,False,False,2022-07-31T18:45:21Z
228,leonardomso/33-js-concepts,66293,JavaScript,False,False,2018-09-04T13:27:04Z
229,FoundationAgents/MetaGPT,66135,Python,False,False,2023-06-30T09:04:55Z
230,labmlai/annotated_deep_learning_paper_implementations,66131,Python,False,False,2020-08-25T02:29:34Z
231,NationalSecurityAgency/ghidra,66128,Java,False,False,2019-03-01T03:27:48Z
232,TapXWorld/ChinaTextbook,66068,Roff,False,False,2020-01-05T04:11:06Z
233,apache/echarts,66018,TypeScript,False,False,2013-04-03T03:18:59Z
234,webpack/webpack,66013,JavaScript,False,False,2012-03-10T10:08:14Z
235,xtekky/gpt4free,65921,Python,False,False,2023-03-29T17:00:43Z
236,scikit-learn/scikit-learn,65515,Python,False,False,2010-08-17T09:43:38Z
237,sindresorhus/awesome-nodejs,65407,,False,False,2014-07-11T13:35:34Z
238,lydiahallie/javascript-questions,65313,,False,False,2019-06-12T08:26:27Z
239,TheAlgorithms/Java,65278,Java,False,False,2016-07-16T10:21:02Z
240,bradtraversy/design-resources-for-developers,65101,,False,False,2020-05-06T14:40:35Z
241,kelseyhightower/nocode,65052,Dockerfile,False,False,2018-02-06T23:54:00Z
242,kdn251/interviews,64937,Java,False,False,2017-02-14T18:19:25Z
243,localstack/localstack,64810,Python,True,False,2016-10-25T23:48:03Z
244,chrislgarry/Apollo-11,64707,Assembly,False,False,2014-04-03T15:45:02Z
245,facebook/docusaurus,64266,TypeScript,False,False,2017-06-20T16:13:53Z
246,keras-team/keras,63926,Python,False,False,2015-03-28T00:35:42Z
247,OpenBB-finance/OpenBB,63551,Python,False,False,2020-12-20T10:46:38Z
248,prometheus/prometheus,63290,Go,False,False,2012-11-24T11:14:12Z
249,alacritty/alacritty,63117,Rust,False,False,2016-02-18T05:02:30Z
250,socketio/socket.io,62976,TypeScript,False,False,2010-03-11T18:24:48Z
251,openinterpreter/open-interpreter,62853,Python,False,False,2023-07-14T07:10:44Z
252,resume/resume.github.com,62817,JavaScript,False,False,2011-02-06T13:39:55Z
253,unclecode/crawl4ai,62548,Python,False,False,2024-05-09T09:48:50Z
254,pathwaycom/pathway,62547,Python,False,False,2022-11-27T13:01:14Z
255,nocodb/nocodb,62534,TypeScript,False,False,2017-10-29T18:51:48Z
256,traefik/traefik,62361,Go,False,False,2015-09-13T19:04:02Z
257,gorhill/uBlock,62311,JavaScript,False,False,2015-04-01T17:51:11Z
258,rust-lang/rustlings,62293,Rust,False,False,2015-09-15T02:25:18Z
259,ryanoasis/nerd-fonts,62176,CSS,False,False,2014-12-05T04:31:17Z
260,msitarzewski/agency-agents,62068,Shell,False,False,2025-10-13T12:12:29Z
261,FuelLabs/sway,61857,Rust,False,False,2021-01-19T20:54:33Z
262,tldr-pages/tldr,61788,Markdown,False,False,2013-12-08T07:34:43Z
263,lodash/lodash,61577,JavaScript,False,False,2012-04-07T04:11:46Z
264,LadybirdBrowser/ladybird,61476,C++,False,False,2024-05-30T09:18:10Z
265,reduxjs/redux,61457,TypeScript,False,False,2015-05-29T23:53:15Z
266,BurntSushi/ripgrep,61376,Rust,False,False,2016-03-11T02:02:33Z
267,atom/atom,61003,JavaScript,True,False,2012-01-20T18:18:21Z
268,scrapy/scrapy,60950,Python,False,False,2010-02-22T02:01:14Z
269,youngyangyang04/leetcode-master,60872,Shell,False,False,2019-12-14T12:05:42Z
270,xingshaocheng/architect-awesome,60841,,False,False,2018-04-06T13:30:58Z
271,h5bp/Front-end-Developer-Interview-Questions,60814,Nunjucks,False,False,2012-02-09T23:34:10Z
272,minio/minio,60550,Go,True,False,2015-01-14T19:23:58Z
273,commaai/openpilot,60419,Python,False,False,2016-11-24T01:33:30Z
274,adam-p/markdown-here,60171,JavaScript,False,False,2012-05-13T03:27:22Z
275,jgraph/drawio-desktop,60027,JavaScript,False,False,2017-05-25T20:58:42Z
276,Asabeneh/30-Days-Of-Python,59999,Python,False,False,2019-11-19T17:24:16Z
277,nuxt/nuxt,59926,TypeScript,False,False,2016-10-26T11:18:47Z
278,git/git,59899,C,False,False,2008-07-23T14:21:26Z
279,jquery/jquery,59868,JavaScript,False,False,2009-04-03T15:20:14Z
280,spring-projects/spring-framework,59784,Java,False,False,2010-12-08T04:04:45Z
281,CorentinJ/Real-Time-Voice-Cloning,59560,Python,False,False,2019-05-26T08:56:15Z
282,topjohnwu/Magisk,59508,Kotlin,False,False,2016-09-08T12:42:53Z
283,Solido/awesome-flutter,59392,Dart,False,False,2017-05-07T11:45:27Z
284,cline/cline,59338,TypeScript,False,False,2024-07-06T07:28:10Z
285,shadowsocks/shadowsocks-windows,59281,C#,False,False,2013-01-14T07:54:16Z
286,meta-llama/llama,59260,Python,False,False,2023-02-14T09:29:12Z
287,pathwaycom/llm-app,59128,Jupyter Notebook,False,False,2023-07-19T08:43:37Z
288,angular/angular.js,58897,JavaScript,True,False,2010-01-06T00:34:37Z
289,PlexPt/awesome-chatgpt-prompts-zh,58818,,False,False,2022-12-12T01:55:03Z
290,FiloSottile/mkcert,58362,Go,False,False,2018-06-25T05:33:03Z
291,rails/rails,58341,Ruby,False,False,2008-04-11T02:19:47Z
292,FFmpeg/FFmpeg,58290,C,False,False,2011-04-14T14:12:38Z
293,usememos/memos,58191,Go,False,False,2021-12-08T15:30:18Z
294,unslothai/unsloth,58140,Python,False,False,2023-11-29T16:50:09Z
295,withastro/astro,57862,TypeScript,False,False,2021-03-15T17:19:47Z
296,sharkdp/bat,57810,Rust,False,False,2018-04-21T10:52:23Z
297,pmndrs/zustand,57523,TypeScript,False,False,2019-04-09T09:10:06Z
298,h5bp/html5-boilerplate,57409,JavaScript,False,False,2010-01-24T18:03:24Z
299,dani-garcia/vaultwarden,57280,Rust,False,False,2018-02-17T22:40:20Z
300,FuelLabs/fuel-core,57261,Rust,False,False,2020-08-27T21:12:14Z
301,scutan90/DeepLearning-500-questions,57254,JavaScript,False,False,2018-06-27T06:36:45Z
302,zylon-ai/private-gpt,57193,Python,False,False,2023-05-02T09:15:31Z
303,opendatalab/MinerU,57167,Python,False,False,2024-02-29T08:52:34Z
304,pocketbase/pocketbase,57112,Go,False,False,2022-07-05T06:06:21Z
305,ultralytics/yolov5,57084,Python,False,False,2020-05-18T03:45:11Z
306,soimort/you-get,56835,Python,False,False,2012-08-20T15:53:36Z
307,meilisearch/meilisearch,56725,Rust,False,False,2018-04-23T11:45:28Z
308,Mintplex-Labs/anything-llm,56704,JavaScript,False,False,2023-06-04T02:29:14Z
309,docling-project/docling,56472,Python,False,False,2024-07-09T07:50:26Z
310,rust-unofficial/awesome-rust,56353,Rust,False,False,2014-07-17T10:45:10Z
311,remix-run/react-router,56333,TypeScript,False,False,2014-05-16T22:22:51Z
312,pi-hole/pi-hole,56268,Shell,False,False,2014-06-08T15:02:55Z
313,rclone/rclone,56253,Go,False,False,2014-03-16T16:19:57Z
314,ageitgey/face_recognition,56230,Python,False,False,2017-03-03T21:52:39Z
315,microsoft/autogen,56187,Python,False,False,2023-08-18T11:43:45Z
316,RVC-Boss/GPT-SoVITS,56111,Python,False,False,2024-01-14T18:05:21Z
317,gatsbyjs/gatsby,55949,JavaScript,False,False,2015-05-21T22:43:05Z
318,Textualize/rich,55874,Python,False,False,2019-11-10T15:28:09Z
319,tiimgreen/github-cheat-sheet,55846,,False,False,2014-04-12T16:38:42Z
320,azl397985856/leetcode,55814,JavaScript,False,False,2018-03-30T09:13:51Z
321,wasabeef/awesome-android-ui,55724,,False,False,2014-12-24T01:45:03Z
322,golang-standards/project-layout,55629,Makefile,False,False,2017-09-09T16:33:26Z
323,karpathy/nanoGPT,55565,Python,False,False,2022-12-28T00:51:12Z
324,FoundationAgents/OpenManus,55470,Python,False,False,2025-03-06T14:08:14Z
325,karpathy/autoresearch,55345,Python,False,False,2026-03-06T22:00:43Z
326,Z4nzu/hackingtool,55308,Python,False,False,2020-04-11T09:21:31Z
327,appwrite/appwrite,55290,TypeScript,False,False,2019-04-08T16:36:25Z
328,AntonOsika/gpt-engineer,55229,Python,False,False,2023-04-29T12:52:15Z
329,starship/starship,55224,Rust,False,False,2019-04-02T03:23:12Z
330,deepfakes/faceswap,55069,Python,False,False,2017-12-19T09:44:13Z
331,ultralytics/ultralytics,54980,Python,False,False,2022-09-11T16:39:45Z
332,microsoft/ai-agents-for-beginners,54949,Jupyter Notebook,False,False,2024-11-28T10:42:52Z
333,marktext/marktext,54700,JavaScript,False,False,2017-11-12T16:05:25Z
334,go-gitea/gitea,54481,Go,False,False,2016-11-01T02:13:26Z
335,lencx/ChatGPT,54367,Rust,False,False,2022-12-07T09:43:02Z
336,ElemeFE/element,54190,Vue,False,False,2016-09-03T06:19:26Z
337,maybe-finance/maybe,54050,Ruby,True,False,2024-01-01T22:23:46Z
338,laurent22/joplin,54044,TypeScript,False,False,2017-01-16T21:49:41Z
339,psf/requests,53871,Python,False,False,2011-02-13T18:38:17Z
340,facebookresearch/segment-anything,53774,Jupyter Notebook,False,False,2023-03-23T17:03:03Z
341,necolas/normalize.css,53770,CSS,False,False,2011-05-04T10:20:25Z
342,wagoodman/dive,53643,Go,False,False,2018-05-13T15:44:01Z
343,romkatv/powerlevel10k,53483,Shell,False,False,2019-02-24T19:09:45Z
344,vuejs/core,53311,TypeScript,False,False,2018-06-12T13:49:36Z
345,ngosang/trackerslist,53293,,False,False,2016-04-24T11:57:57Z
346,Zie619/n8n-workflows,53184,Python,False,False,2025-05-14T08:43:59Z
347,firstcontributions/first-contributions,53164,,False,False,2016-09-20T14:35:09Z
348,cloudcommunity/Free-Certifications,53096,,False,False,2020-07-31T10:26:19Z
349,harry0703/MoneyPrinterTurbo,53062,Python,False,False,2024-03-11T02:57:34Z
350,mozilla/pdf.js,53027,JavaScript,False,False,2011-04-26T06:32:03Z
351,google/material-design-icons,53021,,False,False,2014-10-08T18:01:28Z
352,WerWolv/ImHex,52975,C++,False,False,2020-11-10T14:27:00Z
353,2dust/v2rayNG,52720,Kotlin,False,False,2019-05-15T02:15:31Z
354,JetBrains/kotlin,52500,Kotlin,False,False,2012-02-13T17:29:58Z
355,termux/termux-app,52451,Java,False,False,2015-10-23T09:42:46Z
356,ionic-team/ionic-framework,52414,TypeScript,False,False,2013-08-20T23:06:02Z
357,sickcodes/Docker-OSX,52348,Shell,False,False,2020-06-04T11:01:37Z
358,typst/typst,52265,Rust,False,False,2019-09-24T21:41:56Z
359,TryGhost/Ghost,52139,JavaScript,False,False,2013-05-04T11:09:13Z
360,PowerShell/PowerShell,52122,C#,False,False,2016-01-13T23:41:35Z
361,coollabsio/coolify,52083,PHP,False,False,2021-01-25T20:54:01Z
362,prettier/prettier,51753,JavaScript,False,False,2016-11-29T17:13:37Z
363,etcd-io/etcd,51701,Go,False,False,2013-07-06T21:57:21Z
364,vsouza/awesome-ios,51612,Swift,False,False,2014-07-10T16:03:45Z
365,xai-org/grok-1,51527,Python,False,False,2024-03-17T08:53:38Z
366,google/guava,51503,Java,False,False,2014-05-29T16:23:17Z
367,jekyll/jekyll,51491,Ruby,False,False,2008-10-20T06:29:03Z
368,chinese-poetry/chinese-poetry,51153,JavaScript,False,False,2016-09-02T03:32:25Z
369,agalwood/Motrix,51131,JavaScript,False,False,2018-12-18T11:45:05Z
370,Semantic-Org/Semantic-UI,51120,JavaScript,False,False,2013-04-08T23:32:04Z
371,DefinitelyTyped/DefinitelyTyped,51106,TypeScript,False,False,2012-10-05T16:39:45Z
372,FlowiseAI/Flowise,51066,TypeScript,False,False,2023-03-31T12:23:09Z
373,mem0ai/mem0,51020,Python,False,False,2023-06-20T08:58:36Z
374,ethereum/go-ethereum,50952,Go,False,False,2013-12-26T13:05:46Z
375,dockur/windows,50716,Shell,False,False,2024-01-14T13:09:40Z
376,charlax/professional-programming,50689,Python,False,False,2015-11-07T05:07:52Z
377,justjavac/awesome-wechat-weapp,50675,,False,False,2016-09-22T20:04:48Z
378,upstash/context7,50531,TypeScript,False,False,2025-03-26T23:40:39Z
379,poteto/hiring-without-whiteboards,50520,JavaScript,False,False,2017-03-15T05:09:01Z
380,jesseduffield/lazydocker,50364,Go,False,False,2019-05-18T08:53:50Z
381,nextlevelbuilder/ui-ux-pro-max-skill,50330,Python,False,False,2025-11-30T11:36:31Z
382,karpathy/nanochat,50262,Python,False,False,2025-10-13T13:46:35Z
383,ChrisTitusTech/winutil,50223,PowerShell,False,False,2022-04-28T02:25:19Z
384,Avik-Jain/100-Days-Of-ML-Code,50066,,False,False,2018-07-05T09:11:43Z
385,jgthms/bulma,50063,CSS,False,False,2016-01-23T23:48:34Z
386,mastodon/mastodon,49790,Ruby,False,False,2016-02-22T15:01:25Z
387,odoo/odoo,49738,Python,False,False,2014-05-13T15:38:58Z
388,sansan0/TrendRadar,49736,Python,False,False,2025-04-28T11:42:16Z
389,jellyfin/jellyfin,49614,C#,False,False,2018-12-09T06:36:45Z
390,cypress-io/cypress,49612,TypeScript,False,False,2015-03-04T00:46:28Z
391,virattt/ai-hedge-fund,49553,Python,False,False,2024-11-29T16:30:01Z
392,lyswhut/lx-music-desktop,49543,TypeScript,False,False,2019-08-14T14:31:08Z
393,NARKOZ/hacker-scripts,49450,JavaScript,False,False,2015-11-21T19:05:09Z
394,dkhamsing/open-source-ios-apps,49366,,False,False,2015-01-26T23:32:34Z
395,dbeaver/dbeaver,49270,Java,False,False,2015-10-21T08:26:28Z
396,AlistGo/alist,49224,Go,False,False,2020-12-23T17:40:29Z
397,nlohmann/json,49222,C++,False,False,2013-07-04T08:47:49Z
398,huginn/huginn,48969,Ruby,False,False,2013-03-10T06:00:31Z
399,TanStack/query,48907,TypeScript,False,False,2019-09-10T19:23:58Z
400,iamkun/dayjs,48618,JavaScript,False,False,2018-04-10T09:26:44Z
401,ghostty-org/ghostty,48594,Zig,False,False,2022-03-29T17:38:26Z
402,JuliaLang/julia,48563,Julia,False,False,2011-04-21T07:01:50Z
403,ReactiveX/RxJava,48470,Java,False,False,2013-01-08T20:11:48Z
404,algorithm-visualizer/algorithm-visualizer,48449,JavaScript,False,False,2016-05-15T00:27:45Z
405,pandas-dev/pandas,48240,Python,False,False,2010-08-24T01:37:33Z
406,expo/expo,48211,TypeScript,False,False,2016-08-15T17:14:25Z
407,moment/moment,48034,JavaScript,False,False,2011-03-01T02:46:06Z
408,freqtrade/freqtrade,48021,Python,False,False,2017-05-17T23:48:53Z
409,hashicorp/terraform,48008,Go,False,False,2014-03-13T22:25:48Z
410,run-llama/llama_index,47978,Python,False,False,2022-11-02T04:24:54Z
411,serhii-londar/open-source-mac-os-apps,47970,,False,False,2017-11-03T02:35:33Z
412,x64dbg/x64dbg,47961,C++,False,False,2015-04-11T20:48:23Z
413,ggml-org/whisper.cpp,47939,C++,False,False,2022-09-25T18:26:37Z
414,lllyasviel/Fooocus,47913,Python,False,False,2023-08-09T18:43:40Z
415,type-challenges/type-challenges,47870,TypeScript,False,False,2020-07-23T14:33:11Z
416,kelseyhightower/kubernetes-the-hard-way,47830,,False,False,2016-07-07T14:15:27Z
417,skylot/jadx,47780,Java,False,False,2013-03-18T17:08:21Z
418,ComposioHQ/awesome-claude-skills,47748,Python,False,False,2025-10-17T07:15:01Z
419,bigskysoftware/htmx,47704,JavaScript,False,False,2020-04-13T16:17:51Z
420,kamranahmedse/design-patterns-for-humans,47651,,False,False,2017-02-16T21:24:39Z
421,minimaxir/big-list-of-naughty-strings,47617,Python,False,False,2015-08-08T20:57:20Z
422,gogs/gogs,47601,Go,False,False,2014-02-12T01:57:08Z
423,karan/Projects,47530,,False,False,2013-07-04T13:37:27Z
424,akullpp/awesome-java,47396,,False,False,2014-07-09T10:12:43Z
425,1c7/chinese-independent-developer,47363,,False,False,2017-09-21T11:08:23Z
426,OpenCut-app/OpenCut,47328,TypeScript,False,False,2025-06-22T08:02:17Z
427,Homebrew/brew,47204,Ruby,False,False,2016-03-06T05:08:38Z
428,crewAIInc/crewAI,47174,Python,False,False,2023-10-27T03:26:59Z
429,brillout/awesome-react-components,47127,,False,False,2016-06-24T15:19:33Z
430,jakevdp/PythonDataScienceHandbook,47118,Jupyter Notebook,False,False,2016-08-10T14:24:36Z
431,typescript-cheatsheets/react,47017,JavaScript,False,False,2018-06-02T04:08:16Z
432,tw93/Pake,46998,Rust,False,False,2022-10-14T09:32:57Z
433,slab/quill,46995,TypeScript,False,False,2012-07-30T23:23:18Z
434,v2ray/v2ray-core,46971,Go,False,False,2015-09-04T11:42:53Z
435,GokuMohandas/Made-With-ML,46952,Jupyter Notebook,False,False,2018-11-05T03:44:27Z
436,makeplane/plane,46951,TypeScript,False,False,2022-11-19T12:55:01Z
437,serverless/serverless,46946,JavaScript,False,False,2015-04-21T03:48:40Z
438,square/okhttp,46922,Kotlin,False,False,2012-07-23T13:42:55Z
439,pixijs/pixijs,46810,TypeScript,False,False,2013-01-21T22:40:50Z
440,astral-sh/ruff,46676,Rust,False,False,2022-08-09T17:17:44Z
441,discourse/discourse,46634,Ruby,False,False,2013-01-12T00:25:55Z
442,NanmiCoder/MediaCrawler,46607,Python,False,False,2023-06-09T12:14:34Z
443,DovAmir/awesome-design-patterns,46565,,False,False,2018-06-04T17:47:48Z
444,metabase/metabase,46553,Clojure,False,False,2015-02-02T19:25:47Z
445,ClickHouse/ClickHouse,46531,C++,False,False,2016-06-02T08:28:18Z
446,garrytan/gstack,46463,TypeScript,False,False,2026-03-11T21:22:45Z
447,oobabooga/text-generation-webui,46356,Python,False,False,2022-12-21T04:17:37Z
448,dypsilon/frontend-dev-bookmarks,46269,,False,False,2013-06-22T13:23:55Z
449,microsoft/AI-For-Beginners,46247,Jupyter Notebook,False,False,2021-03-03T16:27:36Z
450,Asabeneh/30-Days-Of-JavaScript,46201,JavaScript,False,False,2019-12-23T14:07:40Z
451,ziishaned/learn-regex,46156,,False,False,2017-07-22T12:21:03Z
452,acmesh-official/acme.sh,46085,Shell,False,False,2015-12-26T12:56:33Z
453,tldraw/tldraw,46037,TypeScript,False,False,2021-05-09T11:48:37Z
454,microsoft/monaco-editor,45819,JavaScript,False,False,2016-06-07T16:56:31Z
455,GitHubDaily/GitHubDaily,45778,,False,False,2018-12-30T13:56:58Z
456,coreybutler/nvm-windows,45642,Go,False,False,2014-09-20T16:37:28Z
457,android/architecture-samples,45616,Kotlin,False,False,2016-02-05T13:42:07Z
458,prisma/prisma,45594,TypeScript,False,False,2019-06-20T13:33:47Z
459,jeecgboot/JeecgBoot,45565,Java,False,False,2018-11-26T10:40:00Z
460,LeCoupa/awesome-cheatsheets,45530,JavaScript,False,False,2017-11-09T02:47:15Z
461,bytedance/deer-flow,45360,Python,False,False,2025-05-07T02:50:19Z
462,jestjs/jest,45331,TypeScript,False,False,2013-12-10T00:18:04Z
463,ColorlibHQ/AdminLTE,45319,CSS,False,False,2013-12-25T02:52:40Z
464,google/zx,45304,JavaScript,False,False,2021-05-05T05:50:01Z
465,bevyengine/bevy,45278,Rust,False,False,2020-01-18T21:13:55Z
466,KRTirtho/spotube,45192,Dart,False,False,2021-02-14T03:17:58Z
467,slidevjs/slidev,45125,TypeScript,False,False,2021-04-24T01:25:23Z
468,gedoor/legado,45093,Kotlin,False,False,2019-05-22T04:18:58Z
469,penpot/penpot,45018,Clojure,False,False,2015-12-29T22:09:07Z
470,RocketChat/Rocket.Chat,45009,TypeScript,False,False,2015-05-19T07:36:09Z
471,coqui-ai/TTS,44920,Python,False,False,2020-05-20T15:45:28Z
472,isocpp/CppCoreGuidelines,44864,CSS,False,False,2015-08-19T20:22:52Z
473,meteor/meteor,44785,JavaScript,False,False,2012-01-19T01:58:17Z
474,apache/airflow,44780,Python,False,False,2015-04-13T18:04:58Z
475,Leaflet/Leaflet,44718,JavaScript,False,False,2010-09-22T16:57:44Z
476,vercel/hyper,44713,TypeScript,False,False,2016-07-01T06:01:21Z
477,react-hook-form/react-hook-form,44627,TypeScript,False,False,2019-03-05T23:47:10Z
478,grpc/grpc,44545,C++,False,False,2014-12-08T18:58:53Z
479,docker/awesome-compose,44533,HTML,False,False,2020-02-13T08:51:42Z
480,GitSquared/edex-ui,44505,JavaScript,True,False,2017-01-28T09:35:02Z
481,pyenv/pyenv,44482,Shell,False,False,2012-08-31T06:57:52Z
482,sudheerj/reactjs-interview-questions,44402,JavaScript,False,False,2018-05-31T17:17:01Z
483,mudler/LocalAI,44361,Go,False,False,2023-03-18T22:58:02Z
484,lukasz-madon/awesome-remote-job,44249,,False,False,2015-01-02T00:31:34Z
485,iina/iina,44206,Swift,False,False,2016-12-19T07:18:45Z
486,astaxie/build-web-application-with-golang,44154,Go,False,False,2012-08-02T11:49:35Z
487,NaiboWang/EasySpider,44154,JavaScript,False,False,2020-07-18T02:41:27Z
488,upscayl/upscayl,44134,TypeScript,False,False,2022-07-30T17:19:20Z
489,parcel-bundler/parcel,44050,JavaScript,False,False,2017-08-07T16:36:47Z
490,streamlit/streamlit,44013,Python,False,False,2019-08-24T00:14:52Z
491,streamich/react-use,43956,TypeScript,False,False,2018-10-27T10:16:05Z
492,SimplifyJobs/Summer2026-Internships,43923,Python,False,False,2020-05-23T20:53:18Z
493,yangshun/front-end-interview-handbook,43913,MDX,False,False,2018-01-13T19:40:08Z
494,babel/babel,43911,TypeScript,False,False,2014-09-28T13:38:23Z
495,tw93/Mole,43911,Shell,False,False,2025-09-23T06:38:40Z
496,square/retrofit,43908,HTML,False,False,2010-09-06T21:39:43Z
497,koala73/worldmonitor,43817,TypeScript,False,False,2026-01-08T17:26:06Z
498,AykutSarac/jsoncrack.com,43789,TypeScript,False,False,2022-01-30T15:25:18Z
499,aymericdamien/TensorFlow-Examples,43789,Jupyter Notebook,False,False,2015-11-11T14:21:19Z
500,9001/copyparty,43733,Python,False,False,2019-05-26T15:28:33Z
501,jingyaogong/minimind,43638,Python,False,False,2024-07-27T04:34:12Z
502,helix-editor/helix,43628,Rust,False,False,2020-06-01T04:26:56Z
503,zhongyang219/TrafficMonitor,43609,C++,False,False,2017-07-30T02:51:17Z
504,tmux/tmux,43530,C,False,False,2015-06-03T23:32:55Z
505,spf13/cobra,43524,Go,False,False,2013-09-03T20:40:26Z
506,milvus-io/milvus,43470,Go,False,False,2019-09-16T06:43:43Z
507,getsentry/sentry,43441,Python,False,False,2010-08-30T22:06:41Z
508,code-yeongyu/oh-my-openagent,43383,TypeScript,False,False,2025-12-03T01:40:05Z
509,cli/cli,43360,Go,False,False,2019-10-03T15:24:53Z
510,FuelLabs/fuels-rs,43346,Rust,False,False,2021-10-31T22:33:54Z
511,FuelLabs/fuels-ts,43303,TypeScript,False,False,2021-09-03T18:11:03Z
512,apache/spark,43038,Scala,False,False,2014-02-25T08:00:08Z
513,Kong/kong,43037,Lua,False,False,2014-11-17T23:56:08Z
514,Unitech/pm2,43009,JavaScript,False,False,2013-05-21T03:25:25Z
515,Light-City/CPlusPlusThings,43007,C++,False,False,2019-07-14T08:45:45Z
516,DIYgod/RSSHub,42972,TypeScript,False,False,2018-04-02T14:43:21Z
517,exo-explore/exo,42967,Python,False,False,2024-06-24T18:36:22Z
518,alex/what-happens-when,42919,,False,False,2013-11-07T04:30:06Z
519,jgm/pandoc,42863,Haskell,False,False,2010-03-20T20:34:23Z
520,ziglang/zig,42838,Zig,False,False,2015-08-06T00:51:28Z
521,faif/python-patterns,42802,Python,False,False,2012-06-06T21:02:35Z
522,mitmproxy/mitmproxy,42798,Python,False,False,2010-02-16T04:10:13Z
523,bannedbook/fanqiang,42794,Kotlin,False,False,2015-01-14T00:34:25Z
524,hiroi-sora/Umi-OCR,42770,Python,False,False,2022-03-28T04:01:46Z
525,Raphire/Win11Debloat,42677,PowerShell,False,False,2020-10-27T22:26:59Z
526,files-community/Files,42664,C#,False,False,2019-01-04T18:19:14Z
527,zhayujie/chatgpt-on-wechat,42508,Python,False,False,2022-08-07T08:33:41Z
528,k88hudson/git-flight-rules,42478,,False,False,2014-07-22T20:35:09Z
529,karanpratapsingh/system-design,42399,,False,False,2022-08-15T18:59:54Z
530,Aider-AI/aider,42366,Python,False,False,2023-05-09T18:57:49Z
531,Alamofire/Alamofire,42366,Swift,False,False,2014-07-31T05:56:19Z
532,666ghj/MiroFish,42310,Python,False,False,2025-11-26T04:23:02Z
533,CherryHQ/cherry-studio,42297,TypeScript,False,False,2024-05-24T01:56:26Z
534,fastapi/full-stack-fastapi-template,42265,TypeScript,False,False,2019-02-23T15:08:34Z
535,colinhacks/zod,42211,TypeScript,False,False,2020-03-07T20:59:08Z
536,bmad-code-org/BMAD-METHOD,42188,JavaScript,False,False,2025-04-13T14:54:25Z
537,sharkdp/fd,42176,Rust,False,False,2017-05-09T21:27:10Z
538,usebruno/bruno,42165,JavaScript,False,False,2022-09-27T20:51:45Z
539,gradio-app/gradio,42151,Python,False,False,2018-12-19T08:24:04Z
540,apachecn/ailearning,42150,Python,False,False,2017-02-25T08:53:02Z
541,mingrammer/diagrams,42122,Python,False,False,2020-02-02T15:23:24Z
542,siyuan-note/siyuan,42100,TypeScript,False,False,2020-08-30T09:21:35Z
543,deepspeedai/DeepSpeed,41903,Python,False,False,2020-01-23T18:35:18Z
544,ray-project/ray,41853,Python,False,False,2016-10-25T19:38:30Z
545,byoungd/English-level-up-tips,41836,,False,False,2017-05-30T07:18:52Z
546,ruvnet/RuView,41829,Rust,False,False,2025-06-07T04:32:30Z
547,nolimits4web/swiper,41824,JavaScript,False,False,2012-03-14T19:11:45Z
548,VoltAgent/awesome-openclaw-skills,41816,,False,False,2026-01-25T09:22:32Z
549,juspay/hyperswitch,41773,Rust,False,False,2022-10-17T11:18:28Z
550,logseq/logseq,41717,Clojure,False,False,2020-05-23T00:06:06Z
551,apache/dubbo,41710,Java,False,False,2012-06-19T07:56:02Z
552,nwjs/nw.js,41573,JavaScript,False,False,2012-01-04T06:21:10Z
553,TauricResearch/TradingAgents,41536,Python,False,False,2024-12-28T03:31:08Z
554,yarnpkg/yarn,41528,JavaScript,False,False,2016-01-19T17:39:16Z
555,ccxt/ccxt,41508,Python,False,False,2017-05-14T15:41:56Z
556,dcloudio/uni-app,41452,Objective-C,False,False,2018-07-12T08:52:39Z
557,psf/black,41443,Python,False,False,2018-03-14T19:54:45Z
558,dylanaraps/pure-bash-bible,41441,Shell,True,False,2018-06-13T01:39:33Z
559,payloadcms/payload,41432,TypeScript,False,False,2021-01-05T18:49:45Z
560,hpcaitech/ColossalAI,41376,Python,False,False,2021-10-28T16:19:44Z
561,hexojs/hexo,41330,TypeScript,False,False,2012-09-23T15:17:08Z
562,gsd-build/get-shit-done,41308,JavaScript,False,False,2025-12-14T14:17:12Z
563,fastlane/fastlane,41261,Ruby,False,False,2014-12-02T17:00:38Z
564,janhq/jan,41228,TypeScript,False,False,2023-08-17T02:17:10Z
565,zai-org/ChatGLM-6B,41211,Python,False,False,2023-03-13T12:00:18Z
566,curl/curl,41176,C,False,False,2010-03-18T22:32:22Z
567,chubin/cheat.sh,41151,Python,False,False,2017-05-07T21:40:56Z
568,bailicangdu/vue2-elm,41146,Vue,False,False,2016-12-23T01:49:20Z
569,styled-components/styled-components,41028,TypeScript,False,False,2016-08-16T06:41:32Z
570,vuetifyjs/vuetify,40986,TypeScript,False,False,2016-09-12T00:39:35Z
571,charmbracelet/bubbletea,40950,Go,False,False,2020-01-10T21:04:03Z
572,zen-browser/desktop,40902,JavaScript,False,False,2024-03-28T00:05:55Z
573,tabler/tabler,40880,HTML,False,False,2018-02-01T09:08:59Z
574,twentyhq/twenty,40877,TypeScript,False,False,2022-12-01T13:04:40Z
575,remotion-dev/remotion,40728,TypeScript,False,False,2020-06-23T19:49:10Z
576,DataExpert-io/data-engineer-handbook,40703,Jupyter Notebook,False,False,2023-11-19T19:47:41Z
577,calcom/cal.com,40695,TypeScript,False,False,2021-03-22T13:47:42Z
578,LC044/WeChatMsg,40694,,False,False,2023-01-11T05:03:49Z
579,zbezj/HEU_KMS_Activator,40589,,False,False,2019-06-23T00:49:35Z
580,saadeghi/daisyui,40585,Svelte,False,False,2020-11-28T22:57:27Z
581,bradtraversy/50projects50days,40483,CSS,False,False,2020-11-16T14:39:01Z
582,BerriAI/litellm,40454,Python,False,False,2023-07-27T00:09:52Z
583,thedotmack/claude-mem,40444,TypeScript,False,False,2025-08-31T20:50:03Z
584,aria2/aria2,40393,C++,False,False,2010-11-27T09:41:48Z
585,QSCTech/zju-icicles,40370,HTML,False,False,2016-06-28T16:17:32Z
586,chakra-ui/chakra-ui,40356,TypeScript,False,False,2019-08-17T14:27:54Z
587,danielmiessler/Fabric,40170,Go,False,False,2024-01-03T23:18:31Z
588,wg/wrk,40156,C,False,False,2012-03-20T11:12:28Z
589,remoteintech/remote-jobs,40121,Nunjucks,False,False,2015-10-13T03:49:25Z
590,vim/vim,40058,Vim Script,False,False,2015-08-18T21:03:56Z
591,HeyPuter/puter,40050,JavaScript,False,False,2024-03-03T01:44:32Z
592,php/php-src,39991,C,False,False,2011-06-16T01:52:25Z
593,google-research/bert,39942,Python,True,False,2018-10-25T22:57:34Z
594,pingcap/tidb,39927,Go,False,False,2015-09-06T04:01:52Z
595,666ghj/BettaFish,39853,Python,False,False,2024-07-01T13:11:38Z
596,evanw/esbuild,39838,Go,False,False,2016-06-14T16:08:50Z
597,freefq/free,39822,,False,False,2020-06-07T02:48:33Z
598,trpc/trpc,39818,TypeScript,False,False,2020-07-18T01:17:11Z
599,go-gorm/gorm,39648,Go,False,False,2013-10-25T08:31:38Z
600,videojs/video.js,39586,JavaScript,False,False,2010-05-14T18:45:10Z
601,facebookresearch/faiss,39498,C++,False,False,2017-02-07T16:07:05Z
602,photoprism/photoprism,39489,Go,False,False,2018-01-27T12:00:15Z
603,floodsung/Deep-Learning-Papers-Reading-Roadmap,39487,Python,False,False,2016-10-14T11:49:48Z
604,lm-sys/FastChat,39450,Python,False,False,2023-03-19T00:18:02Z
605,appsmithorg/appsmith,39445,TypeScript,False,False,2020-06-30T04:07:36Z
606,gofiber/fiber,39430,Go,False,False,2020-01-16T03:59:20Z
607,goabstract/Awesome-Design-Tools,39364,JavaScript,False,False,2019-02-12T13:55:30Z
608,mifi/lossless-cut,39325,TypeScript,False,False,2016-10-30T10:49:56Z
609,microsoft/qlib,39317,Python,False,False,2020-08-14T06:46:00Z
610,DataTalksClub/data-engineering-zoomcamp,39304,Jupyter Notebook,False,False,2021-10-21T09:32:50Z
611,imputnet/cobalt,39263,Svelte,False,False,2022-07-08T18:12:55Z
612,phaserjs/phaser,39241,JavaScript,False,False,2013-04-12T12:27:51Z
613,koalaman/shellcheck,39171,Haskell,False,False,2012-11-17T03:15:11Z
614,google/styleguide,39131,HTML,False,False,2015-05-20T19:18:59Z
615,chatboxai/chatbox,39116,TypeScript,False,False,2023-03-06T12:22:15Z
616,Dogfalo/materialize,39107,JavaScript,False,False,2014-09-12T19:35:38Z
617,suno-ai/bark,39063,Jupyter Notebook,False,False,2023-04-07T19:34:48Z
618,QuivrHQ/quivr,39057,Python,False,False,2023-05-12T23:53:30Z
619,2noise/ChatTTS,38984,Python,False,False,2024-05-27T18:26:49Z
620,google/leveldb,38924,C++,False,False,2014-08-27T21:17:52Z
621,agno-agi/agno,38922,Python,False,False,2022-05-04T15:23:02Z
622,nushell/nushell,38847,Rust,False,False,2019-05-10T16:59:42Z
623,mindsdb/mindsdb,38834,Python,False,False,2018-08-02T17:56:45Z
624,novuhq/novu,38743,TypeScript,False,False,2021-08-26T15:22:44Z
625,PatrickJS/awesome-cursorrules,38677,MDX,False,False,2024-09-16T15:38:38Z
626,freeCodeCamp/devdocs,38638,Ruby,False,False,2013-10-24T18:16:07Z
627,shareAI-lab/learn-claude-code,38589,TypeScript,False,False,2025-06-29T15:34:15Z
628,impress/impress.js,38519,JavaScript,False,False,2011-12-28T22:23:19Z
629,preactjs/preact,38510,JavaScript,False,False,2015-09-11T02:40:18Z
630,google/googletest,38393,C++,False,False,2015-07-28T15:07:53Z
631,vnpy/vnpy,38355,Python,False,False,2015-03-02T03:36:58Z
632,gto76/python-cheatsheet,38306,Python,False,False,2018-01-25T04:16:53Z
633,PhilJay/MPAndroidChart,38228,Java,False,False,2014-04-25T14:29:47Z
634,Kong/insomnia,38180,TypeScript,False,False,2016-04-23T03:54:26Z
635,lapce/lapce,38179,Rust,False,False,2018-02-06T08:41:06Z
636,halo-dev/halo,38148,Java,False,False,2018-03-21T12:56:52Z
637,istio/istio,38096,Go,False,False,2016-11-18T23:57:21Z
638,ant-design/ant-design-pro,38026,TypeScript,False,False,2017-08-25T10:40:44Z
639,naptha/tesseract.js,37953,JavaScript,False,False,2015-06-24T02:49:52Z
640,pola-rs/polars,37848,Rust,False,False,2020-05-13T19:45:33Z
641,RSSNext/Folo,37820,TypeScript,False,False,2024-04-08T03:23:35Z
642,outline/outline,37806,TypeScript,False,False,2016-05-22T21:31:47Z
643,CorentinTh/it-tools,37795,Vue,False,False,2020-04-05T11:50:24Z
644,dotnet/aspnetcore,37788,C#,False,False,2014-03-11T06:09:42Z
645,denysdovhan/wtfjs,37785,JavaScript,False,False,2017-07-14T15:42:12Z
646,rapid7/metasploit-framework,37783,Ruby,False,False,2011-08-30T06:13:20Z
647,httpie/cli,37755,Python,False,False,2012-02-25T12:39:13Z
648,TeamNewPipe/NewPipe,37652,Java,False,False,2015-09-03T23:39:26Z
649,ToolJet/ToolJet,37650,JavaScript,False,False,2021-03-30T08:51:34Z
650,huihut/interview,37650,C++,False,False,2018-02-09T09:49:48Z
651,chatchat-space/Langchain-Chatchat,37636,Python,False,False,2023-03-31T12:12:45Z
652,FreeCodeCampChina/freecodecamp.cn,37632,CSS,False,False,2016-09-30T03:13:43Z
653,kilimchoi/engineering-blogs,37615,Ruby,False,False,2015-06-13T18:25:17Z
654,paperless-ngx/paperless-ngx,37611,Python,False,False,2022-02-12T21:56:52Z
655,llvm/llvm-project,37578,LLVM,False,False,2016-12-07T09:39:33Z
656,google-research/google-research,37541,Jupyter Notebook,False,False,2018-10-04T18:42:48Z
657,spacedriveapp/spacedrive,37482,Rust,False,False,2021-09-27T05:09:04Z
658,vlang/v,37471,V,False,False,2019-02-08T02:57:06Z
659,LAION-AI/Open-Assistant,37436,Python,False,False,2022-12-13T05:24:17Z
660,TencentARC/GFPGAN,37407,Python,False,False,2021-03-19T06:18:20Z
661,ManimCommunity/manim,37382,Python,False,False,2020-05-19T02:37:13Z
662,NervJS/taro,37371,TypeScript,False,False,2018-04-08T09:32:26Z
663,eugenp/tutorials,37350,Java,False,False,2013-04-29T18:26:36Z
664,exelban/stats,37334,Swift,False,False,2019-05-29T19:24:56Z
665,gkd-kit/gkd,37258,Kotlin,False,False,2023-07-04T03:59:15Z
666,huiyadanli/RevokeMsgPatcher,37244,C#,False,False,2019-07-21T15:12:52Z
667,exacity/deeplearningbook-chinese,37225,TeX,False,False,2016-12-07T11:46:51Z
668,0voice/interview_internal_reference,37218,Python,False,False,2019-06-10T06:54:19Z
669,alibaba/arthas,37212,Java,False,False,2018-08-29T17:15:57Z
670,docker/compose,37203,Go,False,False,2013-12-09T11:40:58Z
671,DavidHDev/react-bits,37128,JavaScript,False,False,2024-08-06T06:54:54Z
672,openai/gym,37117,Python,False,False,2016-04-27T14:59:16Z
673,drawdb-io/drawdb,36973,JavaScript,False,False,2023-07-16T17:09:20Z
674,portainer/portainer,36948,TypeScript,False,False,2016-05-19T20:15:28Z
675,duckdb/duckdb,36943,C++,False,False,2018-06-26T15:04:45Z
676,AobingJava/JavaFamily,36926,,False,False,2019-11-12T04:26:18Z
677,sqlmapproject/sqlmap,36921,Python,False,False,2012-06-26T09:52:15Z
678,satwikkansal/wtfpython,36912,Python,False,False,2017-08-28T20:22:19Z
679,chatanywhere/GPT_API_free,36895,Python,False,False,2023-04-23T12:42:08Z
680,babysor/MockingBird,36892,Python,False,False,2021-08-07T03:53:39Z
681,PKUanonym/REKCARC-TSC-UHT,36868,HTML,False,False,2019-04-05T03:31:23Z
682,juanfont/headscale,36810,Go,False,False,2020-06-21T09:21:05Z
683,inkonchain/docs,36798,MDX,False,False,2024-05-07T16:49:36Z
684,roboflow/supervision,36768,Python,False,False,2022-11-28T14:08:44Z
685,inkonchain/node,36744,Shell,False,False,2024-05-13T23:20:40Z
686,shadowsocks/shadowsocks-android,36735,Kotlin,False,False,2012-12-16T13:40:29Z
687,markedjs/marked,36732,JavaScript,False,False,2011-07-24T13:15:51Z
688,alebcay/awesome-shell,36732,,False,False,2014-07-07T01:57:42Z
689,inkonchain/ink-kit,36652,TypeScript,True,False,2024-11-04T16:32:17Z
690,karpathy/LLM101n,36606,,True,False,2024-05-27T00:23:38Z
691,open-guides/og-aws,36594,Shell,False,False,2016-07-13T17:30:16Z
692,fengdu78/Coursera-ML-AndrewNg-Notes,36555,HTML,False,False,2017-11-04T10:04:08Z
693,microsoft/BitNet,36553,Python,False,False,2024-08-05T09:07:38Z
694,huggingface/pytorch-image-models,36550,Python,False,False,2019-02-02T05:51:12Z
695,date-fns/date-fns,36536,TypeScript,False,False,2014-10-06T10:24:22Z
696,typeorm/typeorm,36409,TypeScript,False,False,2016-02-29T07:41:14Z
697,aseprite/aseprite,36234,C++,False,False,2014-08-19T23:44:50Z
698,hankcs/HanLP,36222,Python,False,False,2014-10-09T06:36:16Z
699,SheetJS/sheetjs,36220,,False,False,2012-12-03T19:25:52Z
700,XTLS/Xray-core,36209,Go,False,False,2020-11-09T11:23:10Z
701,HKUDS/nanobot,36205,Python,False,False,2026-02-01T07:16:15Z
702,formulahendry/955.WLB,36173,,False,False,2019-03-27T23:53:37Z
703,qbittorrent/qBittorrent,36162,C++,False,False,2012-02-04T09:37:46Z
704,myshell-ai/OpenVoice,36154,Python,False,False,2023-11-29T12:17:01Z
705,slatedocs/slate,36151,,True,False,2013-09-13T22:15:24Z
706,servo/servo,36117,Rust,False,False,2012-02-08T19:07:25Z
707,anthropics/claude-cookbooks,36108,Jupyter Notebook,False,False,2023-08-15T20:23:51Z
708,lerna/lerna,36088,TypeScript,False,False,2015-12-04T09:36:55Z
709,geekxh/hello-algorithm,36032,Java,False,False,2020-05-29T05:47:09Z
710,deepseek-ai/awesome-deepseek-integration,36031,,False,False,2024-01-11T02:43:17Z
711,YunaiV/ruoyi-vue-pro,36014,Java,False,False,2021-01-24T03:18:25Z
712,carbon-app/carbon,36003,JavaScript,False,False,2017-06-16T02:50:28Z
713,ShareX/ShareX,35988,C#,False,False,2013-10-08T23:32:10Z
714,amruthpillai/reactive-resume,35967,TypeScript,False,False,2020-03-25T14:08:22Z
715,XingangPan/DragGAN,35957,Python,False,False,2023-05-18T10:08:02Z
716,mattermost/mattermost,35951,TypeScript,False,False,2015-06-15T06:50:02Z
717,fastify/fastify,35906,JavaScript,False,False,2016-09-28T19:10:14Z
718,reworkd/AgentGPT,35884,TypeScript,True,False,2023-04-07T02:29:19Z
719,opentofu/manifesto,35870,HTML,False,False,2023-08-13T16:17:24Z
720,ueberdosis/tiptap,35852,TypeScript,False,False,2018-08-20T19:58:58Z
721,xyflow/xyflow,35840,TypeScript,False,False,2019-07-15T14:47:30Z
722,umami-software/umami,35828,TypeScript,False,False,2020-07-17T07:59:00Z
723,doocs/leetcode,35822,Java,False,False,2018-09-16T14:03:03Z
724,jaywcjlove/linux-command,35776,Markdown,False,False,2016-11-12T15:44:26Z
725,veggiemonk/awesome-docker,35772,Makefile,False,False,2014-09-21T17:01:48Z
726,vadimdemedes/ink,35765,TypeScript,False,False,2017-06-12T06:12:28Z
727,koajs/koa,35739,JavaScript,False,False,2013-07-20T18:53:45Z
728,jondot/awesome-react-native,35627,JavaScript,False,False,2015-03-26T19:58:06Z
729,airbnb/lottie-android,35603,Java,False,False,2016-10-06T22:42:42Z
730,junegunn/vim-plug,35597,Vim Script,False,False,2013-09-10T14:58:51Z
731,moeru-ai/airi,35539,TypeScript,False,False,2024-12-01T16:33:36Z
732,LizardByte/Sunshine,35538,C++,False,False,2021-12-15T23:38:57Z
733,ashishps1/awesome-system-design-resources,35484,Java,False,False,2023-10-25T01:50:42Z
734,alvarotrigo/fullPage.js,35484,JavaScript,False,False,2013-09-20T11:58:29Z
735,DioxusLabs/dioxus,35452,Rust,False,False,2021-01-15T01:57:26Z
736,solidjs/solid,35368,TypeScript,False,False,2018-04-24T16:36:27Z
737,nativefier/nativefier,35359,TypeScript,True,False,2015-07-05T05:56:42Z
738,hashicorp/vault,35277,Go,False,False,2015-02-25T00:15:59Z
739,sxyazi/yazi,35246,Rust,False,False,2023-07-08T11:45:55Z
740,pbatard/rufus,35221,C,False,False,2011-11-19T19:12:05Z
741,sahat/hackathon-starter,35219,JavaScript,False,False,2013-11-13T17:24:12Z
742,jax-ml/jax,35217,Python,False,False,2018-10-25T21:25:02Z
743,TriliumNext/Trilium,35193,TypeScript,False,False,2017-05-23T00:30:20Z
744,unknwon/the-way-to-go_ZH_CN,35159,Go,False,False,2013-03-24T17:18:38Z
745,zsh-users/zsh-autosuggestions,35102,Shell,False,False,2013-10-26T16:09:37Z
746,Textualize/textual,35038,Python,False,False,2021-04-08T15:24:47Z
747,bumptech/glide,35031,Java,False,False,2013-07-08T22:52:33Z
748,geekan/HowToLiveLonger,35013,,False,False,2022-04-16T04:15:18Z
749,asgeirtj/system_prompts_leaks,34986,HTML,False,False,2025-05-03T02:43:56Z
750,RVC-Project/Retrieval-based-Voice-Conversion-WebUI,34981,Python,False,False,2023-03-27T09:59:10Z
751,google/langextract,34942,Python,False,False,2025-07-08T20:46:06Z
752,sorrycc/awesome-javascript,34941,,False,False,2014-07-01T15:59:02Z
753,danny-avila/LibreChat,34937,TypeScript,False,False,2023-02-12T01:06:52Z
754,mouredev/Hello-Python,34917,Python,False,False,2022-08-03T17:14:53Z
755,typicode/husky,34911,JavaScript,False,False,2014-06-23T12:14:21Z
756,ajeetdsouza/zoxide,34910,Rust,False,False,2020-03-05T13:11:40Z
757,netty/netty,34898,Java,False,False,2010-11-09T09:22:21Z
758,geekcomputers/Python,34894,Python,False,False,2011-11-30T09:04:08Z
759,fxsjy/jieba,34819,Python,False,False,2012-09-29T07:52:01Z
760,xinntao/Real-ESRGAN,34794,Python,False,False,2021-07-19T03:23:30Z
761,BVLC/caffe,34770,C++,False,False,2013-09-12T18:39:48Z
762,ryanhanwu/How-To-Ask-Questions-The-Smart-Way,34764,JavaScript,False,False,2015-03-28T16:52:40Z
763,alan2207/bulletproof-react,34708,TypeScript,False,False,2021-05-30T14:47:16Z
764,hyprwm/Hyprland,34700,C++,False,False,2022-03-16T19:49:13Z
765,laravel/framework,34602,PHP,False,False,2013-01-10T21:27:28Z
766,kuchin/awesome-cto,34585,,False,False,2016-12-16T19:22:18Z
767,directus/directus,34569,TypeScript,False,False,2012-12-12T01:35:36Z
768,mpv-player/mpv,34549,C,False,False,2012-10-13T08:08:44Z
769,1Panel-dev/1Panel,34534,Go,False,False,2022-07-19T15:44:52Z
770,KeygraphHQ/shannon,34525,TypeScript,False,False,2025-09-27T01:51:47Z
771,schollz/croc,34465,Go,False,False,2017-10-17T15:20:18Z
772,nextcloud/server,34420,PHP,False,False,2016-06-02T07:44:14Z
773,gchq/CyberChef,34413,JavaScript,False,False,2016-11-28T10:34:07Z
774,pnpm/pnpm,34398,TypeScript,False,False,2016-01-28T07:40:43Z
775,jaredpalmer/formik,34386,TypeScript,False,False,2017-06-14T19:50:59Z
776,refinedev/refine,34348,TypeScript,False,False,2021-01-20T12:01:32Z
777,xitu/gold-miner,34340,,False,False,2015-11-04T03:29:13Z
778,nodejs/node-v0.x-archive,34332,,True,False,2009-05-27T16:29:46Z
779,microsoft/Data-Science-For-Beginners,34314,Jupyter Notebook,False,False,2021-03-03T16:30:15Z
780,google-ai-edge/mediapipe,34312,C++,False,False,2019-06-13T19:16:41Z
781,python-poetry/poetry,34302,Python,False,False,2018-02-28T15:23:47Z
782,facebookresearch/detectron2,34257,Python,False,False,2019-09-05T21:30:20Z
783,chen08209/FlClash,34256,Dart,False,False,2023-08-15T07:47:22Z
784,chenfei-wu/TaskMatrix,34211,Python,False,False,2023-03-02T09:04:28Z
785,zenorocha/clipboard.js,34177,JavaScript,False,False,2015-09-18T23:04:55Z
786,SeleniumHQ/selenium,34176,Java,False,False,2013-01-14T21:40:56Z
787,testerSunshine/12306,34175,Python,True,False,2017-05-17T12:23:40Z
788,Fission-AI/OpenSpec,34114,TypeScript,False,False,2025-08-05T10:37:45Z
789,xkcoding/spring-boot-demo,34113,Java,False,False,2017-11-10T06:27:29Z
790,aquasecurity/trivy,34098,Go,False,False,2019-04-11T01:01:07Z
791,TheAlgorithms/JavaScript,34094,JavaScript,False,False,2017-07-13T06:12:33Z
792,qishibo/AnotherRedisDesktopManager,34082,JavaScript,False,False,2019-01-08T06:01:56Z
793,harness/harness,34035,Go,False,False,2014-02-07T07:54:44Z
794,atlassian/react-beautiful-dnd,34035,JavaScript,True,False,2017-08-09T03:37:15Z
795,filebrowser/filebrowser,34013,Go,False,False,2015-09-11T21:21:58Z
796,anthropics/prompt-eng-interactive-tutorial,34011,Jupyter Notebook,False,False,2024-04-02T15:52:00Z
797,GorvGoyl/Clone-Wars,33980,,False,False,2020-12-02T11:10:16Z
798,anoma/anoma,33976,Elixir,False,False,2021-02-02T10:00:16Z
799,TheAlgorithms/C-Plus-Plus,33971,C++,False,False,2016-07-16T10:19:45Z
800,ehang-io/nps,33963,Go,False,False,2018-11-04T13:22:51Z
801,jqlang/jq,33922,C,False,False,2012-07-18T19:57:25Z
802,zxing/zxing,33900,Java,False,False,2011-10-12T14:07:27Z
803,CMU-Perceptual-Computing-Lab/openpose,33897,C++,False,False,2017-04-24T14:06:31Z
804,halfrost/LeetCode-Go,33811,Go,False,False,2017-07-18T00:06:14Z
805,Pythagora-io/gpt-pilot,33809,Python,False,False,2023-08-16T11:56:07Z
806,ZuodaoTech/everyone-can-use-english,33778,TypeScript,False,False,2019-03-15T16:33:53Z
807,alibaba/easyexcel,33770,Java,True,False,2018-02-06T03:14:08Z
808,lllyasviel/ControlNet,33769,Python,False,False,2023-02-01T02:43:30Z
809,Blankj/AndroidUtilCode,33708,Java,False,False,2016-07-30T18:18:32Z
810,AFNetworking/AFNetworking,33675,Objective-C,True,False,2011-05-31T21:28:44Z
811,carbon-language/carbon-lang,33663,C++,False,False,2020-04-27T21:45:16Z
812,shadowsocks/shadowsocks,33630,Python,False,False,2012-04-20T13:10:49Z
813,khoj-ai/khoj,33626,Python,False,False,2021-08-16T01:48:44Z
814,keycloak/keycloak,33558,Java,False,False,2013-07-02T13:38:51Z
815,block/goose,33554,Rust,False,False,2024-08-23T19:03:36Z
816,IceWhaleTech/CasaOS,33474,Go,False,False,2021-09-26T02:33:09Z
817,drizzle-team/drizzle-orm,33473,TypeScript,False,False,2021-06-24T09:03:05Z
818,v2fly/v2ray-core,33453,Go,False,False,2019-04-15T10:05:54Z
819,XX-net/XX-Net,33452,Python,False,False,2015-01-15T09:35:51Z
820,wailsapp/wails,33404,Go,False,False,2018-12-15T23:14:06Z
821,ItzCrazyKns/Vane,33400,TypeScript,False,False,2024-04-09T10:51:32Z
822,utmapp/UTM,33397,Swift,False,False,2019-04-12T16:09:24Z
823,lib-pku/libpku,33385,TeX,False,False,2018-11-22T13:33:06Z
824,balena-io/etcher,33383,TypeScript,False,False,2015-10-27T16:53:23Z
825,explosion/spaCy,33382,Python,False,False,2014-07-03T15:15:40Z
826,awesome-foss/awesome-sysadmin,33328,,False,False,2014-12-23T08:41:22Z
827,swc-project/swc,33323,Rust,False,False,2017-12-22T11:40:14Z
828,bayandin/awesome-awesomeness,33310,Ruby,False,False,2014-07-08T05:44:19Z
829,firecracker-microvm/firecracker,33287,Rust,False,False,2017-10-19T06:18:47Z
830,pcottle/learnGitBranching,33281,JavaScript,False,False,2012-08-13T22:36:09Z
831,farion1231/cc-switch,33267,Rust,False,False,2025-08-04T14:16:16Z
832,AdguardTeam/AdGuardHome,33192,Go,False,False,2016-07-06T10:31:47Z
833,stanfordnlp/dspy,33167,Python,False,False,2023-01-09T21:01:51Z
834,derailed/k9s,33163,Go,False,False,2019-01-25T18:46:02Z
835,huggingface/diffusers,33161,Python,False,False,2022-05-30T16:04:02Z
836,mckaywrigley/chatbot-ui,33132,TypeScript,False,False,2023-03-11T14:53:14Z
837,bilibili/ijkplayer,33129,C,False,False,2013-06-03T04:12:04Z
838,adobe/brackets,33094,JavaScript,True,False,2011-12-07T21:14:40Z
839,immutable-js/immutable-js,33091,TypeScript,False,False,2014-07-02T06:02:29Z
840,nothings/stb,33082,C,False,False,2014-05-25T16:51:23Z
841,GyulyVGC/sniffnet,33081,Rust,False,False,2022-07-31T21:55:56Z
842,TabbyML/tabby,33050,Rust,False,False,2023-03-16T09:18:01Z
843,ocrmypdf/OCRmyPDF,33043,Python,False,False,2013-12-20T08:26:28Z
844,SerenityOS/serenity,33040,C++,False,False,2018-12-02T19:28:41Z
845,datalab-to/marker,33032,Python,False,False,2023-10-30T20:14:08Z
846,gulpjs/gulp,33000,JavaScript,False,False,2013-07-04T05:26:06Z
847,fish-shell/fish-shell,32966,Rust,False,False,2012-05-10T03:00:55Z
848,openai/CLIP,32951,Jupyter Notebook,False,False,2020-12-16T11:24:42Z
849,certbot/certbot,32923,Python,False,False,2014-11-12T02:52:20Z
850,shadowsocks/ShadowsocksX-NG,32915,Swift,False,False,2016-06-10T11:49:00Z
851,backstage/backstage,32900,TypeScript,False,False,2020-01-24T22:39:49Z
852,paperclipai/paperclip,32871,TypeScript,False,False,2026-03-02T15:01:51Z
853,ibraheemdev/modern-unix,32846,,False,False,2021-01-12T00:50:14Z
854,zeromicro/go-zero,32838,Go,False,False,2020-08-07T15:37:57Z
855,restic/restic,32821,Go,False,False,2014-04-27T14:07:58Z
856,MonitorControl/MonitorControl,32787,Swift,False,False,2017-09-16T21:13:40Z
857,google/comprehensive-rust,32779,Rust,False,False,2022-12-21T15:17:24Z
858,glanceapp/glance,32774,Go,False,False,2024-04-27T18:55:38Z
859,alibaba/nacos,32763,Java,False,False,2018-06-15T06:49:27Z
860,mli/paper-reading,32759,,False,False,2021-10-22T06:34:51Z
861,D4Vinci/Scrapling,32748,Python,False,False,2024-10-13T20:29:53Z
862,qier222/YesPlayMusic,32694,Vue,False,False,2020-10-09T10:04:21Z
863,patchy631/ai-engineering-hub,32677,Jupyter Notebook,False,False,2024-10-21T10:43:24Z
864,binarywang/WxJava,32668,Java,False,False,2016-01-06T08:24:05Z
865,lutzroeder/netron,32652,JavaScript,False,False,2010-12-26T12:53:43Z
866,k3s-io/k3s,32565,Go,False,False,2018-05-31T01:37:46Z
867,open-mmlab/mmdetection,32542,Python,False,False,2018-08-22T07:06:06Z
868,remix-run/remix,32517,TypeScript,False,False,2020-10-26T19:57:28Z
869,cursor/cursor,32514,,False,False,2023-03-12T00:19:42Z
870,floating-ui/floating-ui,32511,TypeScript,False,False,2016-03-29T17:00:47Z
871,Lissy93/web-check,32502,TypeScript,False,False,2023-06-25T14:32:11Z
872,MHSanaei/3x-ui,32495,HTML,False,False,2023-02-09T19:16:57Z
873,yewstack/yew,32494,Rust,False,False,2017-12-16T14:19:02Z
874,PDFMathTranslate/PDFMathTranslate,32471,Python,False,False,2024-09-06T06:56:03Z
875,ashishpatel26/500-AI-Machine-learning-Deep-learning-Computer-vision-NLP-Projects-with-code,32458,,False,False,2021-01-02T12:08:37Z
876,frappe/erpnext,32451,Python,False,False,2011-06-08T08:20:56Z
877,medusajs/medusa,32441,TypeScript,False,False,2020-01-18T13:39:04Z
878,ziadoz/awesome-php,32436,,False,False,2013-11-26T03:14:19Z
879,beego/beego,32414,Go,False,False,2012-02-29T02:32:08Z
880,casey/just,32353,Rust,False,False,2016-06-17T06:08:08Z
881,vercel/swr,32350,TypeScript,False,False,2019-10-28T18:16:01Z
882,hesreallyhim/awesome-claude-code,32271,Python,False,False,2025-04-19T20:55:59Z
883,0xAX/linux-insides,32254,Python,False,False,2015-01-03T18:44:57Z
884,labstack/echo,32248,Go,False,False,2015-03-01T17:43:01Z
885,yunjey/pytorch-tutorial,32240,Python,False,False,2017-03-10T07:41:47Z
886,wshobson/agents,32234,Python,False,False,2025-07-24T23:28:14Z
887,NginxProxyManager/nginx-proxy-manager,32231,TypeScript,False,False,2017-12-20T23:01:16Z
888,lizongying/my-tv,32226,C,False,False,2023-12-04T12:18:39Z
889,apache/kafka,32221,Java,False,False,2011-08-15T18:06:16Z
890,PostHog/posthog,32216,Python,False,False,2020-01-23T22:46:58Z
891,facebookresearch/fairseq,32201,Python,True,False,2017-08-29T16:26:12Z
892,google/material-design-lite,32200,HTML,False,False,2015-01-14T22:01:33Z
893,nicolargo/glances,32166,Python,False,False,2011-12-04T08:49:15Z
894,linera-io/linera-protocol,32156,Rust,False,False,2021-12-19T04:09:21Z
895,The-Run-Philosophy-Organization/run,32129,,False,False,2022-04-10T05:42:40Z
896,lovell/sharp,32077,JavaScript,False,False,2013-08-19T20:24:24Z
897,continuedev/continue,32046,TypeScript,False,False,2023-05-24T03:39:39Z
898,kovidgoyal/kitty,32044,Python,False,False,2016-10-16T14:48:28Z
899,valinet/ExplorerPatcher,32000,C,False,False,2021-08-09T14:17:24Z
900,cockroachdb/cockroach,31994,Go,False,False,2014-02-06T00:18:47Z
901,tinygrad/tinygrad,31990,Python,False,False,2020-10-18T16:23:12Z
902,Dokploy/dokploy,31979,TypeScript,False,False,2024-04-19T07:49:30Z
903,linexjlin/GPTs,31973,,False,False,2023-11-11T03:24:16Z
904,dokku/dokku,31937,Shell,False,False,2013-06-08T10:26:57Z
905,hasura/graphql-engine,31923,TypeScript,False,False,2018-06-18T07:57:36Z
906,vbenjs/vue-vben-admin,31887,Vue,False,False,2020-07-11T02:29:21Z
907,OpenBMB/ChatDev,31857,Python,False,False,2023-08-28T02:18:13Z
908,Trinea/android-open-project,31839,,False,False,2014-01-05T15:20:15Z
909,niklasvh/html2canvas,31827,TypeScript,False,False,2011-07-16T01:05:58Z
910,airbnb/lottie-web,31771,JavaScript,False,False,2015-02-20T21:02:59Z
911,microsoft/graphrag,31771,Python,False,False,2024-03-27T17:57:52Z
912,Chanzhaoyu/chatgpt-web,31770,Vue,True,False,2023-02-09T03:21:37Z
913,microsoft/MS-DOS,31770,Assembly,True,False,2018-06-25T18:26:02Z
914,SagerNet/sing-box,31768,Go,False,False,2022-06-30T13:27:22Z
915,amix/vimrc,31728,Vim Script,False,False,2012-05-29T16:19:29Z
916,raysan5/raylib,31720,C,False,False,2013-10-24T15:46:04Z
917,facebook/rocksdb,31665,C++,False,False,2012-11-30T06:16:18Z
918,surrealdb/surrealdb,31663,Rust,False,False,2021-12-09T15:03:29Z
919,numpy/numpy,31655,Python,False,False,2010-09-13T23:02:39Z
920,ReactiveX/rxjs,31654,TypeScript,False,False,2015-03-15T06:17:10Z
921,codex-team/editor.js,31630,TypeScript,False,False,2015-11-28T20:56:35Z
922,kubernetes/minikube,31624,Go,False,False,2016-04-15T22:38:35Z
923,OWASP/CheatSheetSeries,31612,Python,False,False,2018-12-21T14:26:43Z
924,ianstormtaylor/slate,31604,TypeScript,False,False,2016-06-18T01:52:42Z
925,conductor-oss/conductor,31564,Java,False,False,2023-12-08T06:06:09Z
926,shardeum/shardeum,31534,TypeScript,False,False,2024-04-16T22:37:25Z
927,microsoft/WSL,31512,C++,False,False,2016-04-06T17:32:56Z
928,tokio-rs/tokio,31499,Rust,False,False,2016-09-09T22:31:36Z
929,ChromeDevTools/chrome-devtools-mcp,31433,TypeScript,False,False,2025-09-11T10:39:55Z
930,coolsnowwolf/lede,31389,C,False,False,2017-09-06T07:39:03Z
931,influxdata/influxdb,31377,Rust,False,False,2013-09-26T14:31:10Z
932,alpinejs/alpine,31367,HTML,False,False,2019-11-28T13:51:55Z
933,motiondivision/motion,31296,TypeScript,False,False,2018-11-16T09:48:38Z
934,mathiasbynens/dotfiles,31283,Shell,False,False,2011-09-05T18:07:54Z
935,donnemartin/interactive-coding-challenges,31278,Python,False,False,2015-04-28T21:36:39Z
936,parallax/jsPDF,31196,JavaScript,False,False,2009-12-06T14:56:32Z
937,aristocratos/btop,31191,C++,False,False,2021-05-06T18:40:21Z
938,pear-devs/pear-desktop,31171,TypeScript,False,False,2019-04-19T18:14:40Z
939,seaweedfs/seaweedfs,31149,Go,False,False,2014-07-14T16:41:37Z
940,containers/podman,31120,Go,False,False,2017-11-01T15:01:27Z
941,mqyqingfeng/Blog,31116,,False,False,2017-03-13T10:04:33Z
942,DevToys-app/DevToys,31115,C#,False,False,2021-09-29T01:40:41Z
943,eriklindernoren/ML-From-Scratch,31098,Python,False,False,2017-02-05T12:11:23Z
944,docsifyjs/docsify,31079,JavaScript,False,False,2016-11-20T07:55:43Z
945,tqdm/tqdm,31059,Python,False,False,2015-06-03T13:13:14Z
946,blakeblackshear/frigate,31052,TypeScript,False,False,2019-01-26T13:52:38Z
947,SortableJS/Sortable,31044,JavaScript,False,False,2013-12-19T10:10:13Z
948,fabricjs/fabric.js,31025,TypeScript,False,False,2010-06-09T22:24:38Z
949,iawia002/lux,31002,Go,False,False,2018-02-24T11:29:03Z
950,symfony/symfony,30988,PHP,False,False,2010-01-04T14:21:21Z
951,OAI/OpenAPI-Specification,30983,Markdown,False,False,2014-03-03T16:53:36Z
952,songquanpeng/one-api,30974,JavaScript,False,False,2023-04-22T12:39:24Z
953,Lightning-AI/pytorch-lightning,30967,Python,False,False,2019-03-31T00:45:57Z
954,ascoders/weekly,30912,JavaScript,False,False,2017-03-20T06:10:04Z
955,refined-github/refined-github,30896,TypeScript,False,False,2016-02-15T16:45:02Z
956,microsoft/calculator,30879,C++,False,False,2019-01-28T17:55:49Z
957,AMAI-GmbH/AI-Expert-Roadmap,30860,JavaScript,False,False,2020-10-24T21:49:40Z
958,XIU2/TrackersListCollection,30850,,False,False,2019-10-03T15:55:07Z
959,webtorrent/webtorrent,30849,JavaScript,False,False,2013-10-15T08:16:40Z
960,mantinedev/mantine,30849,TypeScript,False,False,2021-01-07T14:02:19Z
961,alibaba/p3c,30829,Kotlin,False,False,2017-06-23T06:15:51Z
962,blueimp/jQuery-File-Upload,30797,PHP,True,False,2010-12-01T15:35:32Z
963,dgtlmoon/changedetection.io,30768,Python,False,False,2021-01-27T16:03:30Z
964,transloadit/uppy,30696,TypeScript,False,False,2015-11-16T12:32:33Z
965,waydabber/BetterDisplay,30689,,False,False,2021-10-24T08:32:56Z
966,iperov/DeepFaceLive,30662,Python,True,False,2020-12-15T12:19:22Z
967,ityouknow/spring-boot-examples,30640,Java,False,False,2016-11-05T05:32:33Z
968,VSCodium/vscodium,30637,Shell,False,False,2018-08-13T14:26:58Z
969,ValveSoftware/Proton,30553,C++,False,False,2018-03-13T18:45:27Z
970,s0md3v/roop,30539,Python,True,False,2023-05-28T14:37:54Z
971,layui/layui,30536,JavaScript,False,False,2015-09-22T08:12:03Z
972,shadps4-emu/shadPS4,30520,C++,False,False,2022-10-24T09:48:37Z
973,HKUDS/LightRAG,30512,Python,False,False,2024-10-02T11:57:54Z
974,datawhalechina/hello-agents,30507,Python,False,False,2025-09-07T09:50:24Z
975,pmndrs/react-three-fiber,30421,TypeScript,False,False,2019-02-25T14:31:51Z
976,zellij-org/zellij,30394,Rust,False,False,2020-09-01T14:04:28Z
977,musistudio/claude-code-router,30393,TypeScript,False,False,2025-02-25T02:17:18Z
978,herrbischoff/awesome-macos-command-line,30381,,True,False,2015-09-22T19:37:55Z
979,VincentGarreau/particles.js,30370,JavaScript,False,False,2014-09-06T14:29:47Z
980,AvaloniaUI/Avalonia,30369,C#,False,False,2013-12-05T20:13:21Z
981,sequelize/sequelize,30355,TypeScript,False,False,2010-07-22T07:11:11Z
982,trailofbits/algo,30338,Python,False,False,2016-05-15T03:42:48Z
983,openai/openai-python,30335,Python,False,False,2020-10-25T23:23:54Z
984,chinabugotech/hutool,30333,Java,False,False,2014-04-13T07:23:51Z
985,Binaryify/NeteaseCloudMusicApi,30297,,True,False,2016-06-22T11:58:03Z
986,telegramdesktop/tdesktop,30297,C++,False,False,2014-05-02T12:36:31Z
987,facebook/folly,30295,C++,False,False,2012-06-01T20:49:04Z
988,jobbole/awesome-python-cn,30290,Makefile,False,False,2015-11-03T09:50:50Z
989,cfenollosa/os-tutorial,30269,C,False,False,2014-09-29T08:39:34Z
990,tatsu-lab/stanford_alpaca,30258,Python,False,False,2023-03-10T23:33:09Z
991,joshbuchea/HEAD,30240,,False,False,2016-04-20T20:05:37Z
992,dragonflydb/dragonfly,30234,C++,False,False,2021-12-11T10:00:42Z
993,cheeriojs/cheerio,30231,TypeScript,False,False,2011-10-09T04:23:20Z
994,kingToolbox/WindTerm,30224,C,False,False,2019-10-09T19:56:09Z
995,grafana/k6,30205,Go,False,False,2016-03-21T15:30:24Z
996,qarmin/czkawka,30194,Rust,False,False,2020-09-01T17:37:29Z
997,jumpserver/jumpserver,30190,Python,False,False,2014-07-04T03:54:59Z
998,spf13/viper,30172,Go,False,False,2014-04-02T14:33:33Z
999,sunface/rust-course,30149,Rust,False,False,2018-08-07T05:01:21Z
1000,hehonghui/awesome-english-ebooks,30123,CSS,False,False,2022-06-28T02:45:44Z
